id,type,natural_language,gold_prolog
1,fact,"John likes pizza.","likes(john,pizza)."
2,fact,"Mary studies artificial intelligence.","studies(mary,artificial_intelligence)."
3,fact,"Rome is a city.","city(rome)."
4,fact,"Alice knows Bob.","knows(alice,bob)."
5,fact,"The dog chases the cat.","chases(dog,cat)."
6,fact,"Sara reads books.","reads(sara,books)."
7,fact,"Tom plays football.","plays(tom,football)."
8,fact,"Paris is a capital.","capital(paris)."
9,fact,"The bird flies.","flies(bird)."
10,fact,"Anna teaches mathematics.","teaches(anna,mathematics)."
11,relation,"John is the father of Mary.","father(john,mary)."
12,relation,"Mary is the mother of Anna.","mother(mary,anna)."
13,relation,"Bob is a friend of Alice.","friend(bob,alice)."
14,relation,"The cat is on the table.","on(cat,table)."
15,relation,"The book is inside the bag.","inside(book,bag)."
16,relation,"Luca lives in Bologna.","lives_in(luca,bologna)."
17,relation,"Marta works at the university.","works_at(marta,university)."
18,relation,"The train goes to Milan.","goes_to(train,milan)."
19,relation,"The student uses a computer.","uses(student,computer)."
20,relation,"The teacher explains the lesson.","explains(teacher,lesson)."
21,rule_one_condition,"If someone studies then they pass.","pass(X) :- studies(X)."
22,rule_one_condition,"If someone works then they earn money.","earn_money(X) :- works(X)."
23,rule_one_condition,"If something is a cat then it is an animal.","animal(X) :- cat(X)."
24,rule_one_condition,"If someone exercises then they are healthy.","healthy(X) :- exercises(X)."
25,rule_one_condition,"If something is a bird then it can fly.","can_fly(X) :- bird(X)."
26,rule_one_condition,"If someone reads then they learn.","learns(X) :- reads(X)."
27,rule_one_condition,"If something is a city then it is a place.","place(X) :- city(X)."
28,rule_one_condition,"If someone teaches then they work.","works(X) :- teaches(X)."
29,rule_two_conditions,"If someone is hungry and is a cat then they meow.","meow(X) :- hungry(X), cat(X)."
30,rule_two_conditions,"If someone is a student and studies then they pass.","pass(X) :- student(X), studies(X)."
31,rule_two_conditions,"If someone is a person and works then they earn money.","earn_money(X) :- person(X), works(X)."
32,rule_two_conditions,"If something is a bird and has wings then it can fly.","can_fly(X) :- bird(X), has_wings(X)."
33,rule_two_conditions,"If someone is tired and sleeps then they recover.","recover(X) :- tired(X), sleeps(X)."
34,rule_two_conditions,"If something is a vehicle and has wheels then it moves.","moves(X) :- vehicle(X), has_wheels(X)."
35,rule_two_conditions,"If someone is a teacher and explains lessons then they educate.","educates(X) :- teacher(X), explains_lessons(X)."
36,rule_two_conditions,"If someone is a student and attends class then they learn.","learns(X) :- student(X), attends_class(X)."
37,multi_sentence,"Mary is a student. Mary studies. If someone is a student and studies then they pass.","student(mary). studies(mary). pass(X) :- student(X), studies(X)."
38,multi_sentence,"Tom is hungry. Tom is a cat. If someone is hungry and is a cat then they meow.","hungry(tom). cat(tom). meow(X) :- hungry(X), cat(X)."
39,multi_sentence,"Luca is a person. Luca works. If someone is a person and works then they earn money.","person(luca). works(luca). earn_money(X) :- person(X), works(X)."
40,multi_sentence,"Tweety is a bird. Tweety has wings. If something is a bird and has wings then it can fly.","bird(tweety). has_wings(tweety). can_fly(X) :- bird(X), has_wings(X)."