id,type,natural_language,gold_prolog,raw_prediction,cleaned_prolog,predicted_prolog,repair_changed,exact_match,normalized_match,syntax_valid_before_repair,syntax_valid,swipl_available,swipl_valid,swipl_error,error_type
1,fact,John likes pizza.,"likes(john,pizza).","likes(john,pizza).","likes(john,pizza).","likes(john,pizza).",False,True,True,True,True,True,True,,none
2,fact,Mary studies artificial intelligence.,"studies(mary,artificial_intelligence).","studies(mary,artificial_intelligence).","studies(mary,artificial_intelligence).","studies(mary,artificial_intelligence).",False,True,True,True,True,True,True,,none
3,fact,Rome is a city.,city(rome).,city(rome).,city(rome).,city(rome).,False,True,True,True,True,True,True,,none
4,fact,Alice knows Bob.,"knows(alice,bob).","knows(alice,bob).","knows(alice,bob).","knows(alice,bob).",False,True,True,True,True,True,True,,none
5,fact,The dog chases the cat.,"chases(dog,cat).","chase(dog,cat).","chase(dog,cat).","chase(dog,cat).",False,False,False,True,True,True,True,,predicate_error
6,fact,Sara reads books.,"reads(sara,books).","reads(sara,books).","reads(sara,books).","reads(sara,books).",False,True,True,True,True,True,True,,none
7,fact,Tom plays football.,"plays(tom,football).","plays(tom,football).","plays(tom,football).","plays(tom,football).",False,True,True,True,True,True,True,,none
8,fact,Paris is a capital.,capital(paris).,capital(paris).,capital(paris).,capital(paris).,False,True,True,True,True,True,True,,none
9,fact,The bird flies.,flies(bird).,flies(bird).,flies(bird).,flies(bird).,False,True,True,True,True,True,True,,none
10,fact,Anna teaches mathematics.,"teaches(anna,mathematics).","teaches(anna,mathematics)","teaches(anna,mathematics)","teaches(anna,mathematics).",True,True,True,False,True,True,True,,none
11,relation,John is the father of Mary.,"father(john,mary).","father(john,mary).","father(john,mary).","father(john,mary).",False,True,True,True,True,True,True,,none
12,relation,Mary is the mother of Anna.,"mother(mary,anna).","mother(mary,anna).","mother(mary,anna).","mother(mary,anna).",False,True,True,True,True,True,True,,none
13,relation,Bob is a friend of Alice.,"friend(bob,alice).","friend(alice,bob).","friend(alice,bob).","friend(alice,bob).",False,False,False,True,True,True,True,,semantic_or_argument_error
14,relation,The cat is on the table.,"on(cat,table).","on(cat,table).","on(cat,table).","on(cat,table).",False,True,True,True,True,True,True,,none
15,relation,The book is inside the bag.,"inside(book,bag).","inside(book,bag).","inside(book,bag).","inside(book,bag).",False,True,True,True,True,True,True,,none
16,relation,Luca lives in Bologna.,"lives_in(luca,bologna).","lives(luca,bologna).","lives(luca,bologna).","lives(luca,bologna).",False,False,False,True,True,True,True,,predicate_error
17,relation,Marta works at the university.,"works_at(marta,university).","works_at(marta,university).","works_at(marta,university).","works_at(marta,university).",False,True,True,True,True,True,True,,none
18,relation,The train goes to Milan.,"goes_to(train,milan).","goes_to(train,milan).","goes_to(train,milan).","goes_to(train,milan).",False,True,True,True,True,True,True,,none
19,relation,The student uses a computer.,"uses(student,computer).","uses(student,computer).","uses(student,computer).","uses(student,computer).",False,True,True,True,True,True,True,,none
20,relation,The teacher explains the lesson.,"explains(teacher,lesson).","explains(teacher,lesson).","explains(teacher,lesson).","explains(teacher,lesson).",False,True,True,True,True,True,True,,none
21,rule_one_condition,If someone studies then they pass.,pass(X) :- studies(X).,pass(X) :- studies(X).,pass(X) :- studies(X).,pass(X) :- studies(X).,False,True,True,True,True,True,True,,none
22,rule_one_condition,If someone works then they earn money.,earn_money(X) :- works(X).,earn_money(X) :- works(X).,earn_money(X) :- works(X).,earn_money(X) :- works(X).,False,True,True,True,True,True,True,,none
23,rule_one_condition,If something is a cat then it is an animal.,animal(X) :- cat(X).,animal(X) :- cat(X).,animal(X) :- cat(X).,animal(X) :- cat(X).,False,True,True,True,True,True,True,,none
24,rule_one_condition,If someone exercises then they are healthy.,healthy(X) :- exercises(X).,healthy(X) :- exercise(X).,healthy(X) :- exercise(X).,healthy(X) :- exercise(X).,False,False,False,True,True,True,True,,semantic_or_argument_error
25,rule_one_condition,If something is a bird then it can fly.,can_fly(X) :- bird(X).,can_fly(X) :- bird(X).,can_fly(X) :- bird(X).,can_fly(X) :- bird(X).,False,True,True,True,True,True,True,,none
26,rule_one_condition,If someone reads then they learn.,learns(X) :- reads(X).,learns(X) :- reads(X).,learns(X) :- reads(X).,learns(X) :- reads(X).,False,True,True,True,True,True,True,,none
27,rule_one_condition,If something is a city then it is a place.,place(X) :- city(X).,place(X) :- city(X).,place(X) :- city(X).,place(X) :- city(X).,False,True,True,True,True,True,True,,none
28,rule_one_condition,If someone teaches then they work.,works(X) :- teaches(X).,works(X) :- teaches(X),works(X) :- teaches(X),works(X) :- teaches(X).,True,True,True,False,True,True,True,,none
29,rule_two_conditions,If someone is hungry and is a cat then they meow.,"meow(X) :- hungry(X), cat(X).","meow(X) :- hungry(X), cat(X).","meow(X) :- hungry(X), cat(X).","meow(X) :- hungry(X), cat(X).",False,True,True,True,True,True,True,,none
30,rule_two_conditions,If someone is a student and studies then they pass.,"pass(X) :- student(X), studies(X).","pass(X) :- student(X), studies(X).","pass(X) :- student(X), studies(X).","pass(X) :- student(X), studies(X).",False,True,True,True,True,True,True,,none
31,rule_two_conditions,If someone is a person and works then they earn money.,"earn_money(X) :- person(X), works(X).",earn_money(X) :- works(X).,earn_money(X) :- works(X).,earn_money(X) :- works(X).,False,False,False,True,True,True,True,,semantic_or_argument_error
32,rule_two_conditions,If something is a bird and has wings then it can fly.,"can_fly(X) :- bird(X), has_wings(X).","can_fly(X) :- bird(X), has_wings(X).","can_fly(X) :- bird(X), has_wings(X).","can_fly(X) :- bird(X), has_wings(X).",False,True,True,True,True,True,True,,none
33,rule_two_conditions,If someone is tired and sleeps then they recover.,"recover(X) :- tired(X), sleeps(X).","recover(X) :- tired(X), sleep(X).","recover(X) :- tired(X), sleep(X).","recover(X) :- tired(X), sleep(X).",False,False,False,True,True,True,True,,semantic_or_argument_error
34,rule_two_conditions,If something is a vehicle and has wheels then it moves.,"moves(X) :- vehicle(X), has_wheels(X).","moves(X) :- vehicle(X), has_wheels(X).","moves(X) :- vehicle(X), has_wheels(X).","moves(X) :- vehicle(X), has_wheels(X).",False,True,True,True,True,True,True,,none
35,rule_two_conditions,If someone is a teacher and explains lessons then they educate.,"educates(X) :- teacher(X), explains_lessons(X).","educates(X) :- teacher(X), explains_lessons(X).","educates(X) :- teacher(X), explains_lessons(X).","educates(X) :- teacher(X), explains_lessons(X).",False,True,True,True,True,True,True,,none
36,rule_two_conditions,If someone is a student and attends class then they learn.,"learns(X) :- student(X), attends_class(X).",learns(X) :- student(X).,learns(X) :- student(X).,learns(X) :- student(X).,False,False,False,True,True,True,True,,semantic_or_argument_error
37,multi_sentence,Mary is a student. Mary studies. If someone is a student and studies then they pass.,"student(mary). studies(mary). pass(X) :- student(X), studies(X).","student(mary). studies(mary). pass(X) :- student(X), studies(X).","student(mary). studies(mary). pass(X) :- student(X), studies(X).","student(mary). studies(mary). pass(X) :- student(X), studies(X).",False,True,True,True,True,True,True,,none
38,multi_sentence,Tom is hungry. Tom is a cat. If someone is hungry and is a cat then they meow.,"hungry(tom). cat(tom). meow(X) :- hungry(X), cat(X).","hungry(tom). cat(tom). meow(X) :- cat(X), hungry(X).","hungry(tom). cat(tom). meow(X) :- cat(X), hungry(X).","hungry(tom). cat(tom). meow(X) :- cat(X), hungry(X).",False,False,False,True,True,True,True,,semantic_or_argument_error
39,multi_sentence,Luca is a person. Luca works. If someone is a person and works then they earn money.,"person(luca). works(luca). earn_money(X) :- person(X), works(X).",person(luca). works(luca). earn_money(X) :- works(X).,person(luca). works(luca). earn_money(X) :- works(X).,person(luca). works(luca). earn_money(X) :- works(X).,False,False,False,True,True,True,True,,semantic_or_argument_error
40,multi_sentence,Tweety is a bird. Tweety has wings. If something is a bird and has wings then it can fly.,"bird(tweety). has_wings(tweety). can_fly(X) :- bird(X), has_wings(X).","bird(tweety). has_wings(tweety). can_fly(X) :- bird(X), has_wings(X)","bird(tweety). has_wings(tweety). can_fly(X) :- bird(X), has_wings(X)","bird(tweety). has_wings(tweety). can_fly(X) :- bird(X), has_wings(X).",True,True,True,False,True,True,True,,none
